frame,landmark_id,x,y,z,label
0,0,0.0,0.0,0.0,rock
0,1,-0.046634554862976074,-0.041722238063812256,0.001818797625901425,rock
0,2,-0.056144654750823975,-0.09299463033676147,0.00016640055605421367,rock
0,3,-0.06126314401626587,-0.1377241015434265,-0.006243932102506733,rock
0,4,-0.05716559290885925,-0.17984867095947266,-0.00937538132507143,rock
0,5,0.024635732173919678,-0.1609174609184265,0.02422606847744646,rock
0,6,-0.032136470079422,-0.19075271487236023,0.0023962377620136976,rock
0,7,-0.03934723138809204,-0.14679855108261108,-0.01291883647877512,rock
0,8,-0.02362629771232605,-0.11622107028961182,-0.01996195599872408,rock
0,9,0.03320002555847168,-0.16647249460220337,0.014827243942136192,rock
0,10,-0.03282433748245239,-0.1977975070476532,-0.011061662849670029,rock
0,11,-0.04224357008934021,-0.1452040672302246,-0.021304843057578182,rock
0,12,-0.024230659008026123,-0.11998999118804932,-0.02102222390908537,rock
0,13,0.03334677219390869,-0.16831403970718384,0.0017774739119431615,rock
0,14,-0.03611910343170166,-0.19297078251838684,-0.02245652214128313,rock
0,15,-0.044934630393981934,-0.13654160499572754,-0.019273643423503017,rock
0,16,-0.024549871683120728,-0.11563414335250854,-0.009812457528596497,rock
0,17,0.02587568759918213,-0.1631164252758026,-0.012095003430431461,rock
0,18,-0.03557324409484863,-0.17181238532066345,-0.029982308898752308,rock
0,19,-0.04010191559791565,-0.12851262092590332,-0.02844673864979086,rock
0,20,-0.019944429397583008,-0.11102020740509033,-0.02128927693206606,rock
1,0,0.0,0.0,0.0,rock
1,1,0.0,0.0,0.0,rock
1,2,0.0,0.0,0.0,rock
1,3,0.0,0.0,0.0,rock
1,4,0.0,0.0,0.0,rock
1,5,0.0,0.0,0.0,rock
1,6,0.0,0.0,0.0,rock
1,7,0.0,0.0,0.0,rock
1,8,0.0,0.0,0.0,rock
1,9,0.0,0.0,0.0,rock
1,10,0.0,0.0,0.0,rock
1,11,0.0,0.0,0.0,rock
1,12,0.0,0.0,0.0,rock
1,13,0.0,0.0,0.0,rock
1,14,0.0,0.0,0.0,rock
1,15,0.0,0.0,0.0,rock
1,16,0.0,0.0,0.0,rock
1,17,0.0,0.0,0.0,rock
1,18,0.0,0.0,0.0,rock
1,19,0.0,0.0,0.0,rock
1,20,0.0,0.0,0.0,rock
2,0,0.0,0.0,0.0,rock
2,1,0.0,0.0,0.0,rock
2,2,0.0,0.0,0.0,rock
2,3,0.0,0.0,0.0,rock
2,4,0.0,0.0,0.0,rock
2,5,0.0,0.0,0.0,rock
2,6,0.0,0.0,0.0,rock
2,7,0.0,0.0,0.0,rock
2,8,0.0,0.0,0.0,rock
2,9,0.0,0.0,0.0,rock
2,10,0.0,0.0,0.0,rock
2,11,0.0,0.0,0.0,rock
2,12,0.0,0.0,0.0,rock
2,13,0.0,0.0,0.0,rock
2,14,0.0,0.0,0.0,rock
2,15,0.0,0.0,0.0,rock
2,16,0.0,0.0,0.0,rock
2,17,0.0,0.0,0.0,rock
2,18,0.0,0.0,0.0,rock
2,19,0.0,0.0,0.0,rock
2,20,0.0,0.0,0.0,rock
3,0,0.0,0.0,0.0,rock
3,1,0.0,0.0,0.0,rock
3,2,0.0,0.0,0.0,rock
3,3,0.0,0.0,0.0,rock
3,4,0.0,0.0,0.0,rock
3,5,0.0,0.0,0.0,rock
3,6,0.0,0.0,0.0,rock
3,7,0.0,0.0,0.0,rock
3,8,0.0,0.0,0.0,rock
3,9,0.0,0.0,0.0,rock
3,10,0.0,0.0,0.0,rock
3,11,0.0,0.0,0.0,rock
3,12,0.0,0.0,0.0,rock
3,13,0.0,0.0,0.0,rock
3,14,0.0,0.0,0.0,rock
3,15,0.0,0.0,0.0,rock
3,16,0.0,0.0,0.0,rock
3,17,0.0,0.0,0.0,rock
3,18,0.0,0.0,0.0,rock
3,19,0.0,0.0,0.0,rock
3,20,0.0,0.0,0.0,rock
4,0,0.0,0.0,0.0,rock
4,1,0.0,0.0,0.0,rock
4,2,0.0,0.0,0.0,rock
4,3,0.0,0.0,0.0,rock
4,4,0.0,0.0,0.0,rock
4,5,0.0,0.0,0.0,rock
4,6,0.0,0.0,0.0,rock
4,7,0.0,0.0,0.0,rock
4,8,0.0,0.0,0.0,rock
4,9,0.0,0.0,0.0,rock
4,10,0.0,0.0,0.0,rock
4,11,0.0,0.0,0.0,rock
4,12,0.0,0.0,0.0,rock
4,13,0.0,0.0,0.0,rock
4,14,0.0,0.0,0.0,rock
4,15,0.0,0.0,0.0,rock
4,16,0.0,0.0,0.0,rock
4,17,0.0,0.0,0.0,rock
4,18,0.0,0.0,0.0,rock
4,19,0.0,0.0,0.0,rock
4,20,0.0,0.0,0.0,rock
5,0,0.0,0.0,0.0,rock
5,1,-0.03616905212402344,-0.064811110496521,-0.0312531822075357,rock
5,2,-0.08589619398117065,-0.15446960926055908,-0.05700728378195663,rock
5,3,-0.1375623643398285,-0.21509426832199097,-0.07792151800293823,rock
5,4,-0.1598144769668579,-0.25046777725219727,-0.09260384819407363,rock
5,5,0.021053612232208252,-0.2814761996269226,-0.05367169237632652,rock
5,6,-0.09831899404525757,-0.3289303183555603,-0.08938221714396377,rock
5,7,-0.10696074366569519,-0.2597290277481079,-0.1032099955429544,rock
5,8,-0.0747104287147522,-0.23379182815551758,-0.11105104616780181,rock
5,9,0.04001885652542114,-0.23775535821914673,-0.054665484343956905,rock
5,10,-0.0999813973903656,-0.2688359022140503,-0.08628305128712555,rock
5,11,-0.10017320513725281,-0.20507687330245972,-0.08447919121880432,rock
5,12,-0.06607407331466675,-0.1915034055709839,-0.0818171732773294,rock
5,13,0.037251055240631104,-0.17475074529647827,-0.05879535234470268,rock
5,14,-0.09662511944770813,-0.1866646409034729,-0.08556409261126419,rock
5,15,-0.0915783941745758,-0.13468974828720093,-0.06821993819374939,rock
5,16,-0.053759992122650146,-0.12486755847930908,-0.05532891756791969,rock
5,17,0.02228069305419922,-0.1013563871383667,-0.06602184555430313,rock
5,18,-0.08597874641418457,-0.10619717836380005,-0.09436905465025802,rock
5,19,-0.07727432250976562,-0.07236474752426147,-0.0900985830177774,rock
5,20,-0.040400564670562744,-0.058608055114746094,-0.0815965392341127,rock
6,0,0.0,0.0,0.0,rock
6,1,-0.043935626745224,-0.07486140727996826,-0.02410510729168891,rock
6,2,-0.09477266669273376,-0.16308581829071045,-0.051268720879306784,rock
6,3,-0.13995519280433655,-0.2215251326560974,-0.0761349479398632,rock
6,4,-0.14610257744789124,-0.2500383257865906,-0.094817994042387,rock
6,5,0.036276280879974365,-0.2990972399711609,-0.05128645698641776,rock
6,6,-0.09271842241287231,-0.3451958894729614,-0.08667386870001792,rock
6,7,-0.10562789440155029,-0.26658713817596436,-0.10041981737231254,rock
6,8,-0.0724368691444397,-0.2396150827407837,-0.10963494132374763,rock
6,9,0.057935476303100586,-0.24683845043182373,-0.058787235870113363,rock
6,10,-0.09499958157539368,-0.2795054316520691,-0.09177237550829886,rock
6,11,-0.09519699215888977,-0.2087147831916809,-0.0899889374813938,rock
6,12,-0.059773027896881104,-0.19104504585266113,-0.08752708683823585,rock
6,13,0.0567207932472229,-0.174066960811615,-0.06878829549168586,rock
6,14,-0.0911930501461029,-0.18522018194198608,-0.09630436997031211,rock
6,15,-0.08499494194984436,-0.12696582078933716,-0.0779400820574665,rock
6,16,-0.045742422342300415,-0.1130799651145935,-0.06460694025372504,rock
6,17,0.04144209623336792,-0.09066712856292725,-0.08134949754094123,rock
6,18,-0.0783013105392456,-0.09931844472885132,-0.10786384890889167,rock
6,19,-0.06950905919075012,-0.06272423267364502,-0.10193040768717765,rock
6,20,-0.03105980157852173,-0.04636979103088379,-0.09297781239365577,rock
7,0,0.0,0.0,0.0,rock
7,1,-0.04926958680152893,-0.0878790020942688,-0.025572894126781875,rock
7,2,-0.09556490182876587,-0.1689850091934204,-0.06166573612452453,rock
7,3,-0.14007270336151123,-0.22176402807235718,-0.09522347523332542,rock
7,4,-0.15100476145744324,-0.24853801727294922,-0.12284683062196677,rock
7,5,0.03378617763519287,-0.3033260703086853,-0.07108886165977424,rock
7,6,-0.10120484232902527,-0.3522670865058899,-0.11417453362108176,rock
7,7,-0.11655294895172119,-0.2714810371398926,-0.12895307315946525,rock
7,8,-0.08390897512435913,-0.23991572856903076,-0.13792209698320335,rock
7,9,0.060600221157073975,-0.24776136875152588,-0.08154555781246131,rock
7,10,-0.1040356457233429,-0.28593355417251587,-0.12072427941919273,rock
7,11,-0.10536915063858032,-0.20826208591461182,-0.11510737611413902,rock
7,12,-0.06646561622619629,-0.1866740584373474,-0.10888941957117027,rock
7,13,0.061267733573913574,-0.1690855622291565,-0.09423058851123756,rock
7,14,-0.09656891226768494,-0.18670803308486938,-0.12493057175041145,rock
7,15,-0.09117841720581055,-0.1271378993988037,-0.09971464796424812,rock
7,16,-0.048707395792007446,-0.11194008588790894,-0.08141611887575095,rock
7,17,0.045957326889038086,-0.08194708824157715,-0.10953357441783851,rock
7,18,-0.07767072319984436,-0.10019588470458984,-0.13792740179658836,rock
7,19,-0.0723850429058075,-0.06738585233688354,-0.12851728870035117,rock
7,20,-0.034281253814697266,-0.05429494380950928,-0.11631040646196311,rock
8,0,0.0,0.0,0.0,rock
8,1,-0.0477181077003479,-0.08970332145690918,-0.02183230415153048,rock
8,2,-0.09610533714294434,-0.1688663363456726,-0.05633685931729815,rock
8,3,-0.15025418996810913,-0.21781885623931885,-0.08886564716863177,rock
8,4,-0.1729719042778015,-0.2484470009803772,-0.11509201124476931,rock
8,5,0.022148191928863525,-0.3156431317329407,-0.06461334422397158,rock
8,6,-0.11949625611305237,-0.3598213195800781,-0.10660174682902834,rock
8,7,-0.1319553554058075,-0.28024494647979736,-0.12125435665416262,rock
8,8,-0.09668678045272827,-0.24699008464813232,-0.12983837917613528,rock
8,9,0.047969698905944824,-0.26153260469436646,-0.0769503955559685,rock
8,10,-0.12350380420684814,-0.28971463441848755,-0.11425782933997652,rock
8,11,-0.11914524435997009,-0.21422922611236572,-0.11076030329036257,rock
8,12,-0.07868772745132446,-0.19382333755493164,-0.10688957020806811,rock
8,13,0.048228323459625244,-0.18340003490447998,-0.09132201418447039,rock
8,14,-0.11448198556900024,-0.1921917200088501,-0.11932017103004,rock
8,15,-0.10417520999908447,-0.13190770149230957,-0.0966376234607651,rock
8,16,-0.061382412910461426,-0.11869370937347412,-0.08128182783889315,rock
8,17,0.032201945781707764,-0.09496533870697021,-0.10823039904403231,rock
8,18,-0.0966176688671112,-0.10502076148986816,-0.1339472849683716,rock
8,19,-0.08774778246879578,-0.0705229640007019,-0.12540969446467898,rock
8,20,-0.047996461391448975,-0.05877202749252319,-0.11444363191890261,rock
9,0,0.0,0.0,0.0,rock
9,1,-0.03998774290084839,-0.09381437301635742,-0.018362571045599907,rock
9,2,-0.08994045853614807,-0.18057280778884888,-0.04783320289834592,rock
9,3,-0.15199092030525208,-0.23140937089920044,-0.07572092723830792,rock
9,4,-0.17835915088653564,-0.2581005096435547,-0.0976476059554443,rock
9,5,0.023435235023498535,-0.3189617395401001,-0.05576518040879819,rock
9,6,-0.12051999568939209,-0.3560694456100464,-0.09298407894357297,rock
9,7,-0.1310226023197174,-0.2795459032058716,-0.10500518840535733,rock
9,8,-0.09503418207168579,-0.24713212251663208,-0.11162403088792416,rock
9,9,0.046774446964263916,-0.2618598937988281,-0.06799118083699796,rock
9,10,-0.1264563500881195,-0.28156977891921997,-0.10128401082738492,rock
9,11,-0.12115493416786194,-0.21182429790496826,-0.09800103914722058,rock
9,12,-0.08137005567550659,-0.19128412008285522,-0.09479167175277325,rock
9,13,0.04569321870803833,-0.1831875443458557,-0.08205520969613644,rock
9,14,-0.11679211258888245,-0.18614089488983154,-0.10823979836686703,rock
9,15,-0.10615769028663635,-0.13100826740264893,-0.08975513142331693,rock
9,16,-0.06664252281188965,-0.11988240480422974,-0.0772524164317474,rock
9,17,0.030165791511535645,-0.09467422962188721,-0.09812124681457135,rock
9,18,-0.09699597954750061,-0.10046160221099854,-0.12194964152558896,rock
9,19,-0.09225964546203613,-0.06831634044647217,-0.11501196634753796,rock
9,20,-0.060259222984313965,-0.05718505382537842,-0.10573059928401563,rock
10,0,0.0,0.0,0.0,rock
10,1,-0.05122566223144531,-0.09287512302398682,-0.020909581199532568,rock
10,2,-0.10276129841804504,-0.17527109384536743,-0.05329555259669405,rock
10,3,-0.16234362125396729,-0.22542250156402588,-0.08391734199250322,rock
10,4,-0.18337541818618774,-0.25513577461242676,-0.1083023844810782,rock
10,5,0.013810873031616211,-0.326759397983551,-0.060025278344994604,rock
10,6,-0.12844666838645935,-0.36406487226486206,-0.09852693961585146,rock
10,7,-0.14261335134506226,-0.282423198223114,-0.1092738880368529,rock
10,8,-0.10752055048942566,-0.24830132722854614,-0.11449807868922335,rock
10,9,0.042516231536865234,-0.27166807651519775,-0.07075128690922838,rock
10,10,-0.13084498047828674,-0.2886483669281006,-0.10644675032818895,rock
10,11,-0.13088291883468628,-0.21242880821228027,-0.10101228193963152,rock
10,12,-0.09125733375549316,-0.19084733724594116,-0.09505489455187899,rock
10,13,0.04498535394668579,-0.19186514616012573,-0.08340525613749605,rock
10,14,-0.11813312768936157,-0.18947404623031616,-0.11135458932841402,rock
10,15,-0.11376851797103882,-0.1292230486869812,-0.08964981870377642,rock
10,16,-0.0748211145401001,-0.11719143390655518,-0.07375525669777971,rock
10,17,0.03283095359802246,-0.1032036542892456,-0.09827291207039934,rock
10,18,-0.09599345922470093,-0.10586488246917725,-0.12200997756445986,rock
10,19,-0.1007261872291565,-0.07352489233016968,-0.1131525112839995,rock
10,20,-0.07443064451217651,-0.06282460689544678,-0.10167084620917421,rock
11,0,0.0,0.0,0.0,rock
11,1,-0.05710339546203613,-0.09056007862091064,-0.020993771153939633,rock
11,2,-0.11241811513900757,-0.17374187707901,-0.05317597662235585,rock
11,3,-0.17233166098594666,-0.22434288263320923,-0.0837689844253191,rock
11,4,-0.18959331512451172,-0.26495492458343506,-0.1077461299779543,rock
11,5,0.00770413875579834,-0.33020997047424316,-0.057900076854480176,rock
11,6,-0.1321238875389099,-0.3702371120452881,-0.09919643973137227,rock
11,7,-0.1459484100341797,-0.28594523668289185,-0.11283340876127568,rock
11,8,-0.11115384101867676,-0.2511487603187561,-0.11977459316278782,rock
11,9,0.035272419452667236,-0.27848953008651733,-0.06894881104256001,rock
11,10,-0.1360071301460266,-0.2965821623802185,-0.10690501903320637,rock
11,11,-0.13706308603286743,-0.21747303009033203,-0.10258567904259053,rock
11,12,-0.09662461280822754,-0.19612717628479004,-0.09727687214638081,rock
11,13,0.03809589147567749,-0.20196789503097534,-0.08243268554235783,rock
11,14,-0.12440401315689087,-0.19857972860336304,-0.1103851554277071,rock
11,15,-0.12280842661857605,-0.13450342416763306,-0.08737376903320637,rock
11,16,-0.08312076330184937,-0.123435378074646,-0.07120966737295475,rock
11,17,0.02622765302658081,-0.11578023433685303,-0.09842938755775776,rock
11,18,-0.1060127317905426,-0.11147302389144897,-0.12033664261127797,rock
11,19,-0.10727912187576294,-0.07353007793426514,-0.10985346709514943,rock
11,20,-0.07408744096755981,-0.06289947032928467,-0.09798090730930653,rock
12,0,0.0,0.0,0.0,rock
12,1,-0.06578636169433594,-0.09153991937637329,-0.02048819969240867,rock
12,2,-0.12399822473526001,-0.17589056491851807,-0.05189401182178699,rock
12,3,-0.1841847002506256,-0.2304515838623047,-0.08205691250805103,rock
12,4,-0.19823908805847168,-0.27279090881347656,-0.10552030327562534,rock
12,5,-0.0012134313583374023,-0.33661502599716187,-0.05529424446467601,rock
12,6,-0.13860738277435303,-0.3783426880836487,-0.0976882678533002,rock
12,7,-0.15262824296951294,-0.2926293611526489,-0.11238310011867725,rock
12,8,-0.11832273006439209,-0.25571388006210327,-0.11964405598882877,rock
12,9,0.027743160724639893,-0.28720176219940186,-0.06652939590458118,rock
12,10,-0.14094039797782898,-0.30760467052459717,-0.10434874418024265,rock
12,11,-0.14381998777389526,-0.22620677947998047,-0.09939187290910922,rock
12,12,-0.10427922010421753,-0.20434445142745972,-0.09330067309383594,rock
12,13,0.03222936391830444,-0.21274226903915405,-0.08061870458368503,rock
12,14,-0.12943235039710999,-0.20925796031951904,-0.10918215933088504,rock
12,15,-0.1286712884902954,-0.14451521635055542,-0.085609133269827,rock
12,16,-0.08951032161712646,-0.13411158323287964,-0.06860003146175586,rock
12,17,0.021285712718963623,-0.12717372179031372,-0.09720615568403446,rock
12,18,-0.11131596565246582,-0.12175977230072021,-0.11866148832086765,rock
12,19,-0.11307781934738159,-0.08386814594268799,-0.10733155431989871,rock
12,20,-0.08041322231292725,-0.07359099388122559,-0.09473804655317508,rock
13,0,0.0,0.0,0.0,rock
13,1,-0.0708165168762207,-0.09508484601974487,-0.021728486349786635,rock
13,2,-0.12970846891403198,-0.18036198616027832,-0.05364051327666175,rock
13,3,-0.1859651505947113,-0.23951131105422974,-0.08475631341894996,rock
13,4,-0.1885342001914978,-0.28101998567581177,-0.10884626821240317,rock
13,5,-0.0008161664009094238,-0.3422014117240906,-0.05305411533078086,rock
13,6,-0.1392790973186493,-0.38668495416641235,-0.09989642963370216,rock
13,7,-0.15210264921188354,-0.3011666536331177,-0.11752115056475532,rock
13,8,-0.11863881349563599,-0.2638883590698242,-0.12575227633675468,rock
13,9,0.026771724224090576,-0.29059576988220215,-0.06500035390814674,rock
13,10,-0.14114010334014893,-0.31659483909606934,-0.10814136133154761,rock
13,11,-0.14277976751327515,-0.233018696308136,-0.10466881707867515,rock
13,12,-0.10328599810600281,-0.21140116453170776,-0.09794954076966178,rock
13,13,0.03165549039840698,-0.21637004613876343,-0.08068944380244147,rock
13,14,-0.13037467002868652,-0.21752917766571045,-0.11678914592226874,rock
13,15,-0.1259634792804718,-0.14946556091308594,-0.09357607976158988,rock
13,16,-0.08423459529876709,-0.13846933841705322,-0.07419827446898353,rock
13,17,0.021067559719085693,-0.13089781999588013,-0.09879541263541114,rock
13,18,-0.1129148006439209,-0.12994253635406494,-0.1247831793185128,rock
13,19,-0.11247092485427856,-0.08800435066223145,-0.11320120707711112,rock
13,20,-0.07758647203445435,-0.07530736923217773,-0.09913303569516074,rock
14,0,0.0,0.0,0.0,rock
14,1,-0.06903958320617676,-0.0985906720161438,-0.020365209436249643,rock
14,2,-0.12776008248329163,-0.18509680032730103,-0.050684902003240495,rock
14,3,-0.18543913960456848,-0.2407628297805786,-0.08006990619583121,rock
14,4,-0.19337427616119385,-0.2849076986312866,-0.1026299364177703,rock
14,5,-0.0018186569213867188,-0.34646332263946533,-0.05229960673136702,rock
14,6,-0.13944557309150696,-0.3929761052131653,-0.09680829115791312,rock
14,7,-0.15382438898086548,-0.31171751022338867,-0.11298723437471381,rock
14,8,-0.1225782036781311,-0.2739027142524719,-0.12033057131452551,rock
14,9,0.025017499923706055,-0.2943452000617981,-0.0641966677515029,rock
14,10,-0.1413498818874359,-0.3232460021972656,-0.10537075169963828,rock
14,11,-0.14416342973709106,-0.2431652545928955,-0.10265653499050131,rock
14,12,-0.10661756992340088,-0.2201274037361145,-0.09686531045122138,rock
14,13,0.02969658374786377,-0.22000110149383545,-0.07930906035585394,rock
14,14,-0.131759911775589,-0.2229030728340149,-0.11325587995929709,rock
14,15,-0.1289551854133606,-0.15730202198028564,-0.09140636690540305,rock
14,16,-0.08933126926422119,-0.14684325456619263,-0.07350324757976523,rock
14,17,0.019068658351898193,-0.1341632604598999,-0.09655986644906989,rock
14,18,-0.11436140537261963,-0.1358521580696106,-0.12066617526693335,rock
14,19,-0.11346009373664856,-0.09621959924697876,-0.10895859368724814,rock
14,20,-0.078510582447052,-0.08540749549865723,-0.0951795048324584,rock
15,0,0.0,0.0,0.0,rock
15,1,-0.06997525691986084,-0.10228580236434937,-0.021764581694469598,rock
15,2,-0.12768971920013428,-0.19259095191955566,-0.05162782561706081,rock
15,3,-0.1833580732345581,-0.24910569190979004,-0.08057257500217929,rock
15,4,-0.1853843331336975,-0.2920289635658264,-0.10240942206905856,rock
15,5,0.0047376155853271484,-0.35491299629211426,-0.04947259989307895,rock
15,6,-0.13421717286109924,-0.39763444662094116,-0.09454407510088458,rock
15,7,-0.14677172899246216,-0.31456756591796875,-0.1116978075795032,rock
15,8,-0.11411219835281372,-0.2783474326133728,-0.11984840002583041,rock
15,9,0.03143668174743652,-0.3021131157875061,-0.06086854976342693,rock
15,10,-0.13426050543785095,-0.3295922875404358,-0.10352888670490756,rock
15,11,-0.1365237534046173,-0.2475871443748474,-0.10219816085623279,rock
15,12,-0.09948223829269409,-0.22582268714904785,-0.09685982730911746,rock
15,13,0.03750193119049072,-0.22723853588104248,-0.07583631542252078,rock
15,14,-0.12422803044319153,-0.23092377185821533,-0.11195823517368808,rock
15,15,-0.12143036723136902,-0.16217029094696045,-0.0903108265690662,rock
15,16,-0.0821104645729065,-0.1522444486618042,-0.07167566534803882,rock
15,17,0.02881842851638794,-0.13916850090026855,-0.09307159450577274,rock
15,18,-0.10536962747573853,-0.1401236653327942,-0.1178943511538364,rock
15,19,-0.10319927334785461,-0.09892416000366211,-0.1057824861698009,rock
15,20,-0.06608283519744873,-0.0895073413848877,-0.0913433205776073,rock
16,0,0.0,0.0,0.0,rock
16,1,-0.06867110729217529,-0.10333752632141113,-0.01769884294884605,rock
16,2,-0.12831175327301025,-0.19496440887451172,-0.04509936264770431,rock
16,3,-0.18733268976211548,-0.2515357732772827,-0.07220967850702209,rock
16,4,-0.19710299372673035,-0.2959163784980774,-0.09247727683799667,rock
16,5,-0.008072257041931152,-0.3583177924156189,-0.042808111673764415,rock
16,6,-0.14630335569381714,-0.4019913673400879,-0.08610463879125518,rock
16,7,-0.15634873509407043,-0.31871891021728516,-0.10336562237756652,rock
16,8,-0.12235620617866516,-0.2842758893966675,-0.11191961160915298,rock
16,9,0.017986297607421875,-0.30645841360092163,-0.055772706782988735,rock
16,10,-0.14625805616378784,-0.3364030122756958,-0.09575297675149841,rock
16,11,-0.14605915546417236,-0.25524669885635376,-0.09478429696576995,rock
16,12,-0.10878404974937439,-0.23424160480499268,-0.09018550804870529,rock
16,13,0.023410558700561523,-0.23214638233184814,-0.0721105932356636,rock
16,14,-0.1359752118587494,-0.23581504821777344,-0.10560095301883621,rock
16,15,-0.12964817881584167,-0.1681004762649536,-0.08504838488119049,rock
16,16,-0.08914673328399658,-0.16028112173080444,-0.06792383632677002,rock
16,17,0.014145970344543457,-0.1445295214653015,-0.09040390691774292,rock
16,18,-0.11953398585319519,-0.14482498168945312,-0.11299715182798309,rock
16,19,-0.1144644021987915,-0.10239720344543457,-0.10079395017640991,rock
16,20,-0.07726645469665527,-0.09371232986450195,-0.08686856172101898,rock
17,0,0.0,0.0,0.0,rock
17,1,-0.07366758584976196,-0.09820014238357544,-0.02060046831309137,rock
17,2,-0.13175997138023376,-0.1890197992324829,-0.048495943119519325,rock
17,3,-0.18415525555610657,-0.2500562071800232,-0.07593418138264951,rock
17,4,-0.1871466338634491,-0.3042997717857361,-0.0962969310784274,rock
17,5,-0.0012025237083435059,-0.35935091972351074,-0.04343884663819608,rock
17,6,-0.13806486129760742,-0.40495479106903076,-0.09172739314078626,rock
17,7,-0.1490839421749115,-0.31847113370895386,-0.11332693176507291,rock
17,8,-0.11518412828445435,-0.28165704011917114,-0.12417542414902982,rock
17,9,0.028086185455322266,-0.3100210428237915,-0.0557327889108592,rock
17,10,-0.13360828161239624,-0.3430466651916504,-0.10035285579203901,rock
17,11,-0.1367703676223755,-0.257249653339386,-0.10114152955054578,rock
17,12,-0.09967455267906189,-0.23435354232788086,-0.09667086826800642,rock
17,13,0.0363885760307312,-0.23768842220306396,-0.07228896992444334,rock
17,14,-0.12174075841903687,-0.24398040771484375,-0.11095019655465421,rock
17,15,-0.11959606409072876,-0.1716710925102234,-0.08952535169362363,rock
17,16,-0.07906228303909302,-0.16294127702713013,-0.07036970036267576,rock
17,17,0.03022944927215576,-0.15076887607574463,-0.09104951696633634,rock
17,18,-0.10240581631660461,-0.14983993768692017,-0.11724829154252348,rock
17,19,-0.10009640455245972,-0.10574740171432495,-0.10465999918221769,rock
17,20,-0.06199955940246582,-0.0970105528831482,-0.08958224432706174,rock
18,0,0.0,0.0,0.0,rock
18,1,-0.07195204496383667,-0.09862607717514038,-0.019323152233255314,rock
18,2,-0.123740553855896,-0.18895769119262695,-0.046272181649101185,rock
18,3,-0.16724982857704163,-0.25181978940963745,-0.07353845678676407,rock
18,4,-0.16701480746269226,-0.3069470524787903,-0.09376309507001679,rock
18,5,0.010964453220367432,-0.3596456050872803,-0.036195833910596775,rock
18,6,-0.11928999423980713,-0.4079914689064026,-0.08283007584918778,rock
18,7,-0.1300901174545288,-0.32347750663757324,-0.10437787764180939,rock
18,8,-0.09635096788406372,-0.2881420850753784,-0.11535192720998566,rock
18,9,0.04124873876571655,-0.3118228316307068,-0.04897869073261063,rock
18,10,-0.11304289102554321,-0.34558045864105225,-0.09202289276231568,rock
18,11,-0.11642113327980042,-0.26081383228302,-0.09330270879377167,rock
18,12,-0.07899105548858643,-0.23965978622436523,-0.08881900899518769,rock
18,13,0.05107349157333374,-0.24093806743621826,-0.06624983691085617,rock
18,14,-0.10118740797042847,-0.24760359525680542,-0.1031305163394336,rock
18,15,-0.09921354055404663,-0.1768156886100769,-0.08233654193986695,rock
18,16,-0.058725059032440186,-0.1692342758178711,-0.06355281614173691,rock
18,17,0.04550880193710327,-0.1550431251525879,-0.08586407147754471,rock
18,18,-0.08359989523887634,-0.15600168704986572,-0.11059508167613785,rock
18,19,-0.07890006899833679,-0.11221194267272949,-0.09784644537080567,rock
18,20,-0.03910553455352783,-0.1037437915802002,-0.08246579461206238,rock
19,0,0.0,0.0,0.0,rock
19,1,-0.07300332188606262,-0.09613871574401855,-0.022563092938696627,rock
19,2,-0.12136209011077881,-0.1879352331161499,-0.049200851998364215,rock
19,3,-0.157253235578537,-0.2546364665031433,-0.07580024056795764,rock
19,4,-0.15433380007743835,-0.31070369482040405,-0.09459076874617267,rock
19,5,0.022088944911956787,-0.36367470026016235,-0.029592359966670756,rock
19,6,-0.1061231791973114,-0.40793275833129883,-0.07603666239145923,rock
19,7,-0.11664187908172607,-0.32622212171554565,-0.099687845042979,rock
19,8,-0.08286172151565552,-0.29179781675338745,-0.11203757726315189,rock
19,9,0.05189794301986694,-0.3180198073387146,-0.040861949852740054,rock
19,10,-0.1003352701663971,-0.34772467613220215,-0.08352585934761692,rock
19,11,-0.10318106412887573,-0.26409029960632324,-0.08679108374479938,rock
19,12,-0.06563860177993774,-0.24237334728240967,-0.08298184775475193,rock
19,13,0.061007678508758545,-0.24951457977294922,-0.05761736684206653,rock
19,14,-0.08980366587638855,-0.25272250175476074,-0.09411527269247699,rock
19,15,-0.08885985612869263,-0.1810724139213562,-0.07570292108420063,rock
19,16,-0.04963111877441406,-0.172174870967865,-0.05784355529311824,rock
19,17,0.05447643995285034,-0.16488200426101685,-0.07757650368574787,rock
19,18,-0.07319185137748718,-0.1632283329963684,-0.10216914915207553,rock
19,19,-0.07039499282836914,-0.11800432205200195,-0.09157859586838413,rock
19,20,-0.03286188840866089,-0.10756552219390869,-0.07710213266972232,rock
20,0,0.0,0.0,0.0,rock
20,1,-0.0727279782295227,-0.0937352180480957,-0.023473676979733682,rock
20,2,-0.1179836094379425,-0.18205589056015015,-0.050599583178950525,rock
20,3,-0.15007880330085754,-0.24809610843658447,-0.07752719962616084,rock
20,4,-0.14866742491722107,-0.3052804470062256,-0.09660459750909922,rock
20,5,0.029397547245025635,-0.3587263822555542,-0.029943839401198602,rock
20,6,-0.09250983595848083,-0.4068514108657837,-0.07525328987856028,rock
20,7,-0.10736578702926636,-0.3276258707046509,-0.09773116254825709,rock
20,8,-0.07697141170501709,-0.2907041907310486,-0.10924186998624918,rock
20,9,0.059566497802734375,-0.31580352783203125,-0.039873187184525705,rock
20,10,-0.08889317512512207,-0.3483898639678955,-0.0818210511805546,rock
20,11,-0.09672084450721741,-0.2636606693267822,-0.08402592384834406,rock
20,12,-0.06045049428939819,-0.23938745260238647,-0.0791907354595196,rock
20,13,0.06916558742523193,-0.2504257559776306,-0.05535248735566256,rock
20,14,-0.07977861166000366,-0.25370335578918457,-0.09098641270418284,rock
20,15,-0.08281251788139343,-0.18091541528701782,-0.07215736502428172,rock
20,16,-0.045299649238586426,-0.1682511568069458,-0.05402570286412356,rock
20,17,0.06346780061721802,-0.16945409774780273,-0.07424190336485026,rock
20,18,-0.06241047382354736,-0.1646960973739624,-0.09870636159200785,rock
20,19,-0.0605279803276062,-0.11770182847976685,-0.08873834157009242,rock
20,20,-0.022659718990325928,-0.10522681474685669,-0.07459222221393702,rock
21,0,0.0,0.0,0.0,rock
21,1,-0.07205596566200256,-0.09410697221755981,-0.023954377262839444,rock
21,2,-0.11544686555862427,-0.18081015348434448,-0.051038070335039265,rock
21,3,-0.14562958478927612,-0.24584388732910156,-0.07770693929398931,rock
21,4,-0.14242932200431824,-0.2981286644935608,-0.09639494748319066,rock
21,5,0.03438258171081543,-0.3545355200767517,-0.029386454015025265,rock
21,6,-0.08620437979698181,-0.4018840789794922,-0.07367469997609533,rock
21,7,-0.09949257969856262,-0.3221758008003235,-0.0963909763237325,rock
21,8,-0.06901732087135315,-0.28784334659576416,-0.108502841307768,rock
21,9,0.06444454193115234,-0.31249678134918213,-0.03841466338838018,rock
21,10,-0.08307451009750366,-0.3443342447280884,-0.07928920419419683,rock
21,11,-0.08937633037567139,-0.2589806318283081,-0.08163941533769048,rock
21,12,-0.05383390188217163,-0.2358604073524475,-0.07727846385444082,rock
21,13,0.07345157861709595,-0.24904340505599976,-0.05288088576401151,rock
21,14,-0.07414895296096802,-0.2531226873397827,-0.08659487844909108,rock
21,15,-0.07692402601242065,-0.1794571876525879,-0.0674084860226003,rock
21,16,-0.041280388832092285,-0.16596871614456177,-0.04943343879187978,rock
21,17,0.06648457050323486,-0.17040973901748657,-0.07108961672986425,rock
21,18,-0.05716496706008911,-0.16597980260849,-0.0941075074812261,rock
21,19,-0.05551856756210327,-0.12014466524124146,-0.0843173998733846,rock
21,20,-0.01936638355255127,-0.10861670970916748,-0.0704754951735822,rock
22,0,0.0,0.0,0.0,rock
22,1,-0.0717383325099945,-0.090911865234375,-0.024247465926578116,rock
22,2,-0.11611372232437134,-0.17835581302642822,-0.05078335878567941,rock
22,3,-0.1465005874633789,-0.24523097276687622,-0.07660932866053827,rock
22,4,-0.14205282926559448,-0.29969364404678345,-0.09447503862099893,rock
22,5,0.029851257801055908,-0.34987741708755493,-0.028340315717628073,rock
22,6,-0.08842098712921143,-0.3969730734825134,-0.07130853113847024,rock
22,7,-0.09924492239952087,-0.31864333152770996,-0.094371192428639,rock
22,8,-0.06740781664848328,-0.28684455156326294,-0.10714785036759622,rock
22,9,0.05987626314163208,-0.3093324303627014,-0.0363488051028753,rock
22,10,-0.08439743518829346,-0.34109312295913696,-0.0746515097947622,rock
22,11,-0.08839589357376099,-0.25730639696121216,-0.07680207518058069,rock
22,12,-0.053190529346466064,-0.23562467098236084,-0.07303255078511484,rock
22,13,0.06885737180709839,-0.2473618984222412,-0.049738947573473524,rock
22,14,-0.07561007142066956,-0.2513273358345032,-0.08033646670298822,rock
22,15,-0.07681936025619507,-0.17979681491851807,-0.061522845450213026,rock
22,16,-0.04167574644088745,-0.16772907972335815,-0.04470665407495744,rock
22,17,0.0617024302482605,-0.17047536373138428,-0.06705632087903268,rock
22,18,-0.059421420097351074,-0.1674850583076477,-0.0882754328580404,rock
22,19,-0.05528372526168823,-0.12287759780883789,-0.07897345003800638,rock
22,20,-0.0183560848236084,-0.11255580186843872,-0.06598168638663537,rock
23,0,0.0,0.0,0.0,rock
23,1,-0.0710861086845398,-0.08947676420211792,-0.02311367460549718,rock
23,2,-0.11004462838172913,-0.17450034618377686,-0.049319013143190205,rock
23,3,-0.13425421714782715,-0.23944193124771118,-0.0754718474394167,rock
23,4,-0.1265956163406372,-0.29384785890579224,-0.09399587580026036,rock
23,5,0.04096508026123047,-0.3402048945426941,-0.02633628354431039,rock
23,6,-0.07167595624923706,-0.3860204815864563,-0.0686037010794962,rock
23,7,-0.08627602458000183,-0.3093617558479309,-0.0906289137250269,rock
23,8,-0.05753549933433533,-0.2782461643218994,-0.10265364416898137,rock
23,9,0.07146519422531128,-0.30053311586380005,-0.0354412823265875,rock
23,10,-0.0675497055053711,-0.33282411098480225,-0.07443881698907262,rock
23,11,-0.07628676295280457,-0.24851256608963013,-0.07652176090539342,rock
23,12,-0.04208219051361084,-0.2269967794418335,-0.07206074812472707,rock
23,13,0.08092242479324341,-0.23990696668624878,-0.04993829422653562,rock
23,14,-0.06057503819465637,-0.2446051836013794,-0.08246781596005803,rock
23,15,-0.0662238597869873,-0.17198479175567627,-0.06381690421164876,rock
23,16,-0.032329559326171875,-0.15903735160827637,-0.04634261795342809,rock
23,17,0.07313394546508789,-0.165446937084198,-0.06817980774701482,rock
23,18,-0.04589495062828064,-0.16114819049835205,-0.09033936181128865,rock
23,19,-0.04572564363479614,-0.11556351184844971,-0.08096304454863912,rock
23,20,-0.010699033737182617,-0.103934645652771,-0.06767740764678365,rock
24,0,0.0,0.0,0.0,rock
24,1,-0.07699298858642578,-0.08810663223266602,-0.02284092978135277,rock
24,2,-0.1179247498512268,-0.173245370388031,-0.047218381990944636,rock
24,3,-0.14170458912849426,-0.23903930187225342,-0.07141539417699505,rock
24,4,-0.13516071438789368,-0.2958259582519531,-0.08798433058456112,rock
24,5,0.028472900390625,-0.3369172215461731,-0.022811781247412455,rock
24,6,-0.08074614405632019,-0.38178306818008423,-0.06447961889699627,rock
24,7,-0.0943419337272644,-0.30676984786987305,-0.08722589873269726,rock
24,8,-0.06670203804969788,-0.2737119197845459,-0.0997828092475288,rock
24,9,0.0578383207321167,-0.3006178140640259,-0.03155286945894886,rock
24,10,-0.07892286777496338,-0.3318427801132202,-0.06942900978521038,rock
24,11,-0.08648967742919922,-0.24740499258041382,-0.07274706624940563,rock
24,12,-0.05340901017189026,-0.2236107587814331,-0.06926501505569149,rock
24,13,0.06707751750946045,-0.2435418963432312,-0.04588383026913334,rock
24,14,-0.07185503840446472,-0.2486470341682434,-0.07716490291551281,rock
24,15,-0.076901376247406,-0.1740727424621582,-0.060044340421711695,rock
24,16,-0.04450523853302002,-0.1574912667274475,-0.04382408746079136,rock
24,17,0.059040188789367676,-0.17199581861495972,-0.0642349269290321,rock
24,18,-0.05882909893989563,-0.1645106077194214,-0.08676426075891186,rock
24,19,-0.05963248014450073,-0.11600708961486816,-0.07963210307553936,rock
24,20,-0.027301669120788574,-0.10099482536315918,-0.06779154353336025,rock
